order_id,customer_id,payment,order_date,delivery_date
1,64,30811,2021-8-30,2021-09-24
2,473,50490,2021-2-3,2021-02-13
3,774,46763,2021-10-8,2021-11-03
4,433,39782,2021-5-6,2021-05-19
5,441,14719,2021-3-23,2021-03-24
6,800,16197,2021-9-9,2021-10-05
7,626,37666,2021-4-5,2021-04-11
8,58,28484,2021-4-12,2021-05-01
9,852,12896,2021-5-1,2021-05-11
10,659,21922,2021-10-15,2021-10-16
11,785,36624,2021-6-15,2021-06-30
12,120,55507,2021-6-30,2021-07-11
13,204,57810,2021-10-15,2021-10-31
14,957,21270,2021-3-29,2021-04-12
15,468,15488,2021-9-22,2021-10-08
16,564,36479,2021-7-7,2021-07-08
17,614,51822,2021-2-9,2021-02-11
18,299,22902,2021-1-1,2021-01-03
19,513,56754,2021-8-30,2021-09-10
20,789,45129,2021-1-13,2021-01-20
21,124,11261,2021-4-4,2021-04-17
22,180,36088,2021-5-28,2021-06-09
23,652,45711,2021-5-17,2021-05-22
24,469,14566,2021-9-4,2021-09-20
25,562,47075,2021-7-4,2021-07-08
26,732,15964,2021-4-25,2021-05-04
27,443,35513,2021-5-16,2021-05-28
28,206,29968,2021-8-19,2021-09-04
29,993,57645,2021-3-22,2021-03-28
30,260,59350,2021-7-7,2021-07-26
31,727,15722,2021-3-11,2021-04-05
32,627,24976,2021-6-17,2021-07-14
33,588,52945,2021-7-1,2021-07-07
34,412,36244,2021-5-23,2021-05-30
35,358,49665,2021-8-31,2021-09-07
36,51,32494,2021-8-22,2021-09-04
37,78,53949,2021-7-7,2021-07-18
38,809,46219,2021-2-3,2021-02-19
39,466,23990,2021-2-26,2021-03-20
40,86,56657,2021-1-7,2021-01-19
41,790,53386,2021-1-3,2021-01-09
42,690,33993,2021-7-29,2021-08-02
43,570,22839,2021-7-13,2021-08-03
44,849,17071,2021-9-7,2021-09-22
45,571,21738,2021-5-30,2021-06-21
46,922,25378,2021-6-22,2021-07-04
47,791,35453,2021-4-21,2021-04-23
48,620,31712,2021-4-16,2021-04-23
49,336,24219,2021-1-22,2021-02-13
50,454,50310,2021-9-16,2021-09-18
51,399,18423,2021-2-19,2021-02-26
52,493,32155,2021-10-6,2021-10-29
53,528,10517,2021-4-22,2021-05-02
54,195,13681,2021-4-25,2021-05-17
55,873,55650,2021-4-8,2021-04-25
56,587,17149,2021-1-23,2021-02-18
57,163,41495,2021-2-27,2021-03-13
58,332,42861,2021-2-2,2021-02-10
59,843,21858,2021-1-31,2021-02-27
60,301,31491,2021-2-5,2021-02-28
61,158,42290,2021-4-16,2021-04-28
62,93,37952,2021-7-30,2021-08-13
63,556,27577,2021-2-11,2021-03-08
64,167,23668,2021-1-24,2021-02-15
65,388,22051,2021-6-26,2021-07-22
66,631,42774,2021-8-14,2021-08-22
67,504,52694,2021-5-22,2021-06-17
68,180,20552,2021-2-12,2021-02-18
69,96,40619,2021-3-8,2021-03-28
70,802,11279,2021-5-15,2021-05-26
71,795,20283,2021-2-14,2021-02-16
72,610,40072,2021-3-13,2021-03-16
73,965,16715,2021-7-24,2021-08-19
74,391,39655,2021-2-23,2021-02-27
75,68,16667,2021-8-24,2021-09-15
76,470,22762,2021-6-18,2021-06-26
77,680,56675,2021-4-19,2021-04-29
78,681,58179,2021-5-13,2021-05-29
79,236,54340,2021-3-16,2021-03-25
80,872,59554,2021-4-26,2021-05-20
81,736,30150,2021-6-13,2021-06-15
82,927,32502,2021-2-2,2021-02-27
83,537,39729,2021-6-25,2021-07-01
84,181,43438,2021-8-26,2021-09-20
85,251,43533,2021-3-10,2021-03-22
86,874,27045,2021-8-5,2021-08-11
87,325,32961,2021-6-20,2021-07-16
88,567,10904,2021-7-19,2021-08-15
89,448,29268,2021-10-22,2021-11-16
90,809,11475,2021-6-13,2021-07-07
91,803,16601,2021-9-2,2021-09-15
92,273,37239,2021-1-12,2021-01-30
93,908,52379,2021-10-22,2021-11-11
94,629,47031,2021-3-8,2021-03-26
95,413,52416,2021-1-25,2021-02-05
96,415,12119,2021-6-20,2021-06-30
97,106,17772,2021-3-29,2021-03-31
98,257,44700,2021-4-29,2021-05-08
99,291,26787,2021-9-13,2021-09-25
100,817,57063,2021-3-30,2021-04-16
101,807,25174,2021-1-31,2021-02-27
102,846,41382,2021-5-7,2021-05-26
103,209,49852,2021-6-16,2021-06-24
104,366,11454,2021-6-5,2021-06-23
105,456,46013,2021-6-25,2021-07-14
106,573,12033,2021-3-9,2021-03-28
107,127,58760,2021-1-11,2021-02-03
108,935,52439,2021-3-7,2021-03-28
109,554,12707,2021-4-6,2021-04-29
110,607,15385,2021-9-2,2021-09-06
111,794,34096,2021-3-30,2021-04-14
112,75,46956,2021-2-4,2021-02-17
113,565,49592,2021-3-19,2021-04-08
114,160,49686,2021-8-8,2021-09-02
115,492,12685,2021-4-11,2021-04-22
116,510,15397,2021-4-25,2021-05-20
117,971,58134,2021-1-8,2021-01-23
118,639,37950,2021-2-20,2021-02-22
119,545,19955,2021-4-29,2021-05-06
120,585,53001,2021-6-9,2021-06-14
121,549,27436,2021-4-21,2021-04-23
122,732,29226,2021-4-13,2021-05-04
123,471,17133,2021-3-4,2021-03-22
124,776,43888,2021-7-6,2021-07-15
125,321,29600,2021-10-22,2021-11-03
126,326,29536,2021-1-31,2021-02-20
127,51,43262,2021-4-1,2021-04-11
128,936,17661,2021-10-13,2021-11-09
129,428,42185,2021-5-24,2021-05-27
130,439,12827,2021-6-20,2021-07-15
131,629,52850,2021-9-20,2021-09-24
132,562,10396,2021-4-17,2021-05-01
133,878,43759,2021-7-7,2021-07-17
134,12,39451,2021-6-19,2021-07-01
135,942,53723,2021-5-15,2021-06-02
136,539,35331,2021-9-6,2021-09-08
137,298,58875,2021-10-18,2021-10-20
138,331,50666,2021-2-5,2021-02-10
139,871,11224,2021-6-15,2021-06-28
140,539,35025,2021-4-8,2021-04-13
141,528,40203,2021-8-26,2021-09-13
142,237,53165,2021-6-15,2021-07-12
143,828,37187,2021-2-8,2021-02-11
144,928,15762,2021-5-22,2021-05-28
145,871,26358,2021-2-2,2021-02-10
146,912,22750,2021-8-30,2021-09-26
147,818,20690,2021-9-28,2021-10-16
148,573,14073,2021-1-14,2021-01-24
149,500,31490,2021-3-3,2021-03-14
150,462,34428,2021-6-22,2021-06-27
151,357,24626,2021-8-8,2021-09-01
152,320,24866,2021-3-9,2021-03-12
153,727,49677,2021-10-21,2021-11-17
154,674,49994,2021-10-17,2021-11-07
155,834,11166,2021-6-30,2021-07-18
156,727,37878,2021-7-10,2021-07-29
157,909,17955,2021-4-7,2021-04-17
158,828,14010,2021-7-13,2021-08-04
159,208,12449,2021-9-5,2021-09-13
160,725,41442,2021-7-31,2021-08-06
161,566,45840,2021-3-22,2021-04-11
162,431,20238,2021-4-25,2021-05-05
163,84,11473,2021-6-12,2021-06-17
164,412,26249,2021-5-21,2021-06-03
165,389,28345,2021-6-23,2021-07-20
166,113,11914,2021-7-11,2021-07-14
167,595,44269,2021-6-26,2021-07-18
168,664,51244,2021-1-10,2021-01-27
169,996,22089,2021-3-9,2021-03-12
170,867,28597,2021-8-17,2021-09-03
171,443,19467,2021-9-14,2021-09-16
172,224,47514,2021-1-5,2021-01-27
173,435,30001,2021-6-6,2021-07-01
174,497,46769,2021-2-22,2021-03-17
175,309,57197,2021-3-22,2021-04-16
176,574,28185,2021-9-26,2021-10-04
177,315,11314,2021-8-20,2021-09-01
178,236,31542,2021-2-2,2021-02-08
179,161,52081,2021-6-10,2021-06-27
180,469,14617,2021-5-29,2021-06-22
181,241,23142,2021-1-29,2021-02-13
182,461,33720,2021-2-22,2021-03-04
183,715,51587,2021-10-6,2021-10-12
184,240,48997,2021-9-15,2021-09-29
185,945,46608,2021-4-6,2021-04-20
186,833,24061,2021-9-26,2021-10-14
187,401,15167,2021-1-10,2021-01-19
188,571,41180,2021-4-10,2021-04-22
189,586,41543,2021-7-17,2021-08-08
190,421,28420,2021-2-1,2021-02-17
191,18,31002,2021-1-22,2021-02-15
192,842,30614,2021-2-6,2021-02-19
193,846,54256,2021-6-6,2021-06-07
194,415,21994,2021-10-23,2021-11-03
195,92,41725,2021-4-13,2021-04-17
196,630,48990,2021-10-22,2021-11-16
197,110,23619,2021-4-30,2021-05-01
198,640,29627,2021-8-31,2021-09-13
199,206,58054,2021-5-17,2021-05-18
200,15,50335,2021-8-24,2021-09-07
201,325,56321,2021-5-26,2021-06-18
202,129,49559,2021-4-15,2021-04-22
203,369,40129,2021-6-21,2021-07-11
204,568,35005,2021-9-30,2021-10-10
205,267,23779,2021-2-3,2021-02-04
206,654,24189,2021-6-1,2021-06-16
207,644,57755,2021-9-25,2021-09-28
208,28,39533,2021-10-10,2021-10-15
209,292,36341,2021-5-8,2021-05-20
210,723,21903,2021-7-22,2021-08-18
211,515,37122,2021-5-9,2021-05-17
212,62,29887,2021-10-14,2021-11-08
213,678,37684,2021-9-14,2021-09-27
214,288,25179,2021-6-20,2021-07-09
215,526,27531,2021-8-10,2021-08-20
216,865,56745,2021-4-16,2021-05-04
217,234,47120,2021-7-18,2021-07-31
218,606,22309,2021-7-12,2021-07-20
219,667,14137,2021-1-5,2021-01-10
220,555,23957,2021-10-10,2021-10-25
221,473,49366,2021-8-3,2021-08-17
222,368,28754,2021-9-8,2021-10-05
223,657,13441,2021-3-23,2021-03-30
224,628,20293,2021-7-7,2021-08-02
225,664,27059,2021-10-4,2021-10-26
226,28,44799,2021-7-9,2021-07-23
227,406,36809,2021-10-23,2021-11-19
228,773,10857,2021-1-6,2021-01-17
229,107,15827,2021-10-8,2021-10-20
230,497,54581,2021-8-31,2021-09-18
231,731,58824,2021-3-20,2021-04-09
232,256,44567,2021-5-2,2021-05-16
233,996,29939,2021-9-3,2021-09-19
234,133,26314,2021-9-18,2021-10-10
235,767,23434,2021-9-28,2021-10-12
236,228,49109,2021-7-15,2021-08-08
237,829,20267,2021-3-16,2021-04-06
238,328,59828,2021-3-17,2021-03-27
239,530,45974,2021-10-13,2021-11-02
240,578,37612,2021-1-27,2021-02-01
241,401,33692,2021-7-22,2021-08-17
242,909,12202,2021-8-25,2021-09-13
243,263,31631,2021-7-6,2021-07-11
244,637,18966,2021-9-2,2021-09-09
245,191,49443,2021-5-6,2021-05-10
246,641,39230,2021-6-19,2021-07-16
247,68,39513,2021-10-19,2021-11-12
248,457,29329,2021-1-15,2021-01-20
249,86,47181,2021-5-13,2021-05-26
250,518,18564,2021-3-26,2021-04-03
251,433,30132,2021-7-31,2021-08-27
252,683,11465,2021-1-11,2021-02-05
253,179,38502,2021-9-10,2021-10-02
254,571,57662,2021-8-7,2021-09-03
255,605,16272,2021-9-26,2021-10-15
256,313,15452,2021-8-9,2021-08-12
257,914,43972,2021-2-12,2021-03-02
258,742,38266,2021-10-21,2021-11-13
259,878,47527,2021-8-16,2021-09-07
260,317,56068,2021-7-13,2021-07-25
261,250,55396,2021-2-6,2021-03-01
262,812,55461,2021-5-22,2021-05-24
263,372,12599,2021-6-19,2021-07-08
264,636,55537,2021-6-13,2021-06-18
265,189,40896,2021-7-4,2021-07-29
266,623,58746,2021-3-10,2021-03-20
267,34,44791,2021-9-11,2021-09-12
268,530,57006,2021-3-16,2021-04-10
269,89,21446,2021-2-5,2021-02-22
270,711,14024,2021-3-2,2021-03-27
271,469,39282,2021-6-7,2021-06-09
272,92,19661,2021-1-20,2021-01-31
273,828,13233,2021-10-7,2021-11-03
274,19,50173,2021-4-13,2021-04-27
275,329,17666,2021-1-5,2021-01-15
276,775,48376,2021-6-20,2021-06-24
277,659,48337,2021-4-5,2021-04-06
278,510,19930,2021-1-30,2021-02-13
279,620,51563,2021-7-25,2021-07-28
280,551,20352,2021-1-7,2021-01-08
281,489,19908,2021-7-3,2021-07-15
282,423,41504,2021-3-30,2021-04-18
283,303,14784,2021-9-4,2021-09-15
284,522,36627,2021-4-29,2021-05-16
285,882,41206,2021-9-25,2021-10-20
286,998,18840,2021-1-5,2021-01-08
287,799,10368,2021-9-9,2021-10-03
288,201,36160,2021-10-13,2021-10-16
289,977,10046,2021-1-26,2021-02-16
290,364,48707,2021-8-1,2021-08-16
291,112,50830,2021-1-12,2021-02-05
292,337,36699,2021-3-26,2021-04-04
293,426,32389,2021-8-5,2021-08-13
294,499,50667,2021-8-28,2021-09-15
295,412,55019,2021-3-5,2021-03-19
296,207,47076,2021-10-22,2021-10-25
297,256,23789,2021-6-15,2021-06-27
298,58,55984,2021-9-11,2021-09-20
299,994,58159,2021-1-12,2021-02-03
300,912,47255,2021-9-30,2021-10-25
301,535,12986,2021-6-21,2021-06-25
302,156,32298,2021-6-19,2021-07-07
303,758,58670,2021-9-2,2021-09-11
304,537,27293,2021-4-10,2021-05-03
305,234,13377,2021-7-9,2021-07-26
306,747,51492,2021-10-16,2021-10-19
307,679,17726,2021-10-11,2021-10-28
308,549,18834,2021-2-13,2021-03-08
309,390,26229,2021-1-7,2021-01-25
310,348,18372,2021-4-25,2021-05-15
311,807,21226,2021-3-7,2021-03-25
312,683,38591,2021-7-6,2021-07-31
313,266,24507,2021-6-2,2021-06-11
314,95,49262,2021-8-14,2021-08-17
315,239,18075,2021-4-5,2021-04-25
316,179,59876,2021-9-12,2021-09-20
317,876,18204,2021-4-23,2021-04-26
318,433,39332,2021-1-31,2021-02-17
319,933,29837,2021-8-22,2021-09-16
320,41,19693,2021-8-22,2021-09-12
321,833,36589,2021-8-26,2021-08-31
322,686,41400,2021-8-17,2021-09-12
323,852,11437,2021-3-23,2021-04-13
324,99,10411,2021-7-5,2021-07-16
325,318,18010,2021-5-11,2021-05-28
326,199,15380,2021-6-22,2021-07-01
327,710,11611,2021-7-28,2021-07-31
328,246,26653,2021-4-14,2021-05-08
329,820,58708,2021-4-30,2021-05-24
330,887,31700,2021-3-12,2021-04-08
331,414,38796,2021-3-18,2021-03-23
332,466,12799,2021-3-13,2021-03-14
333,367,21091,2021-10-18,2021-11-09
334,539,32277,2021-5-12,2021-05-23
335,485,51638,2021-9-30,2021-10-24
336,615,16829,2021-5-25,2021-05-28
337,341,49047,2021-8-2,2021-08-04
338,630,12762,2021-1-26,2021-02-13
339,409,15556,2021-4-6,2021-04-13
340,841,56172,2021-7-17,2021-08-13
341,602,13882,2021-2-7,2021-02-09
342,348,29452,2021-8-24,2021-09-08
343,673,37831,2021-9-17,2021-10-06
344,526,44938,2021-8-16,2021-09-06
345,711,17146,2021-2-14,2021-03-05
346,739,35045,2021-3-23,2021-04-06
347,209,18829,2021-5-29,2021-06-14
348,732,42741,2021-10-7,2021-10-28
349,847,36910,2021-4-13,2021-04-29
350,869,49770,2021-2-14,2021-03-02
351,478,37332,2021-5-2,2021-05-04
352,52,13270,2021-10-8,2021-10-10
353,774,46198,2021-3-30,2021-04-05
354,18,33908,2021-2-26,2021-03-08
355,46,33100,2021-4-14,2021-04-24
356,236,34259,2021-4-1,2021-04-15
357,70,30735,2021-2-8,2021-02-13
358,796,41343,2021-4-7,2021-04-12
359,661,47911,2021-5-16,2021-05-31
360,870,45309,2021-8-3,2021-08-08
361,988,18831,2021-2-6,2021-02-25
362,96,21601,2021-9-30,2021-10-07
363,882,57405,2021-1-25,2021-02-21
364,925,25525,2021-3-13,2021-04-03
365,485,37396,2021-4-14,2021-04-25
366,334,43210,2021-7-15,2021-07-30
367,181,35564,2021-2-20,2021-03-19
368,556,15258,2021-9-2,2021-09-21
369,729,24488,2021-3-26,2021-04-18
370,986,53990,2021-1-22,2021-02-11
371,727,28931,2021-8-29,2021-09-15
372,991,51705,2021-3-14,2021-03-19
373,581,25727,2021-3-13,2021-04-03
374,981,25047,2021-6-5,2021-06-20
375,655,19991,2021-1-20,2021-01-26
376,571,15454,2021-7-4,2021-07-17
377,21,24815,2021-5-19,2021-05-28
378,623,37922,2021-9-29,2021-10-25
379,467,15378,2021-2-13,2021-02-15
380,75,13269,2021-3-22,2021-03-28
381,258,36550,2021-4-11,2021-05-03
382,791,24647,2021-5-4,2021-05-15
383,469,36564,2021-9-8,2021-09-14
384,709,39383,2021-5-27,2021-06-22
385,146,43155,2021-8-8,2021-08-24
386,458,34948,2021-2-14,2021-03-03
387,341,34491,2021-6-11,2021-06-14
388,601,34341,2021-2-12,2021-02-17
389,643,42818,2021-4-20,2021-04-23
390,206,57651,2021-1-20,2021-01-24
391,726,24661,2021-5-16,2021-06-06
392,840,32036,2021-1-12,2021-01-25
393,803,24994,2021-5-6,2021-05-27
394,508,18584,2021-9-6,2021-09-10
395,728,24101,2021-3-26,2021-04-02
396,461,57491,2021-2-26,2021-03-03
397,446,33872,2021-2-3,2021-02-22
398,13,31626,2021-9-28,2021-10-13
399,331,57278,2021-10-21,2021-10-30
400,907,44904,2021-7-2,2021-07-25
401,94,24512,2021-8-14,2021-08-24
402,537,26681,2021-3-9,2021-04-04
403,980,17088,2021-9-16,2021-09-25
404,998,45215,2021-3-3,2021-03-09
405,493,51471,2021-8-9,2021-08-12
406,892,35512,2021-7-25,2021-08-18
407,835,42595,2021-1-9,2021-01-20
408,404,39757,2021-1-30,2021-02-15
409,206,15453,2021-5-3,2021-05-11
410,47,14296,2021-8-4,2021-08-09
411,771,38909,2021-3-17,2021-04-08
412,427,25520,2021-9-23,2021-10-13
413,589,35487,2021-10-17,2021-10-31
414,212,57052,2021-1-2,2021-01-03
415,947,35686,2021-7-14,2021-07-19
416,129,37878,2021-10-8,2021-10-25
417,729,45024,2021-9-14,2021-10-11
418,918,55376,2021-8-24,2021-09-15
419,745,19518,2021-10-20,2021-11-10
420,482,25541,2021-2-22,2021-03-19
421,691,24273,2021-9-28,2021-10-09
422,375,48025,2021-3-16,2021-03-26
423,507,34107,2021-6-12,2021-06-21
424,551,58723,2021-3-13,2021-03-18
425,606,12705,2021-2-21,2021-03-17
426,776,32793,2021-9-26,2021-10-16
427,282,20082,2021-1-27,2021-02-10
428,431,48629,2021-2-24,2021-03-23
429,754,23238,2021-2-8,2021-02-22
430,155,49272,2021-2-8,2021-03-01
431,325,35804,2021-4-25,2021-05-09
432,20,37821,2021-10-20,2021-11-03
433,419,32215,2021-8-18,2021-09-02
434,940,42284,2021-5-11,2021-06-01
435,886,56764,2021-2-17,2021-02-22
436,739,47040,2021-8-17,2021-09-10
437,269,42857,2021-8-25,2021-09-05
438,989,51250,2021-5-22,2021-05-31
439,286,15329,2021-8-24,2021-09-06
440,553,14884,2021-10-9,2021-10-30
441,726,13419,2021-2-28,2021-03-02
442,693,58324,2021-3-24,2021-03-30
443,966,10043,2021-3-9,2021-03-27
444,383,33452,2021-3-7,2021-03-26
445,893,27329,2021-7-7,2021-07-27
446,283,19398,2021-3-26,2021-03-30
447,100,59708,2021-1-10,2021-01-23
448,185,16486,2021-8-20,2021-08-31
449,163,56294,2021-10-23,2021-11-09
450,648,12078,2021-4-30,2021-05-05
451,566,29859,2021-8-25,2021-09-06
452,123,50557,2021-10-9,2021-10-22
453,371,53761,2021-8-13,2021-08-22
454,441,40423,2021-3-29,2021-04-12
455,1,24550,2021-4-4,2021-04-06
456,450,53893,2021-6-28,2021-07-20
457,490,52472,2021-3-4,2021-03-12
458,757,13142,2021-10-21,2021-11-10
459,853,24079,2021-6-18,2021-07-06
460,250,29924,2021-6-7,2021-06-17
461,244,53553,2021-2-14,2021-02-19
462,769,44429,2021-1-31,2021-02-20
463,641,19206,2021-3-16,2021-04-09
464,103,26925,2021-6-29,2021-07-25
465,7,48935,2021-5-21,2021-05-23
466,628,11363,2021-6-10,2021-07-05
467,102,23636,2021-2-24,2021-03-10
468,238,56092,2021-4-15,2021-04-17
469,907,25333,2021-4-27,2021-05-04
470,810,18707,2021-9-11,2021-10-04
471,282,56849,2021-7-8,2021-07-10
472,85,44735,2021-7-15,2021-07-29
473,61,36137,2021-5-19,2021-06-12
474,571,17401,2021-8-19,2021-09-09
475,696,36229,2021-5-27,2021-06-01
476,757,42157,2021-10-7,2021-11-02
477,97,37504,2021-6-20,2021-06-26
478,452,17279,2021-10-15,2021-10-23
479,51,18796,2021-6-27,2021-07-16
480,180,38248,2021-7-15,2021-08-05
481,227,17525,2021-8-20,2021-09-12
482,111,59910,2021-8-3,2021-08-09
483,742,26333,2021-3-15,2021-03-20
484,926,26887,2021-5-5,2021-05-31
485,969,49699,2021-1-8,2021-01-28
486,643,10132,2021-4-27,2021-05-08
487,926,21220,2021-1-9,2021-02-05
488,638,52570,2021-10-1,2021-10-26
489,77,28578,2021-8-30,2021-09-21
490,816,11291,2021-9-15,2021-09-29
491,783,10074,2021-2-24,2021-03-18
492,568,49046,2021-7-24,2021-08-07
493,895,42647,2021-4-24,2021-05-03
494,740,37675,2021-7-31,2021-08-15
495,352,41706,2021-8-10,2021-08-19
496,574,32782,2021-6-17,2021-06-27
497,900,29655,2021-7-7,2021-07-09
498,647,23201,2021-7-15,2021-07-23
499,690,52749,2021-10-24,2021-10-26
500,571,41037,2021-1-15,2021-01-24
501,706,41180,2021-2-16,2021-02-25
502,485,57115,2021-2-18,2021-03-07
503,937,43249,2021-8-19,2021-09-05
504,192,57782,2021-1-13,2021-02-08
505,737,37947,2021-8-17,2021-08-27
506,648,18355,2021-9-11,2021-09-27
507,58,29761,2021-6-20,2021-07-11
508,834,42640,2021-7-17,2021-08-01
509,676,20368,2021-1-2,2021-01-25
510,125,47242,2021-9-29,2021-10-01
511,282,43667,2021-8-22,2021-09-12
512,223,21235,2021-10-13,2021-11-05
513,950,49647,2021-5-24,2021-06-04
514,740,13918,2021-7-12,2021-07-22
515,23,20627,2021-5-23,2021-06-13
516,506,20934,2021-5-21,2021-05-26
517,797,37440,2021-6-23,2021-06-30
518,196,28347,2021-6-3,2021-06-18
519,244,23212,2021-8-23,2021-09-12
520,679,13400,2021-2-4,2021-03-01
521,382,35247,2021-3-17,2021-03-31
522,761,35937,2021-3-19,2021-04-05
523,516,17584,2021-4-25,2021-05-18
524,60,28334,2021-7-21,2021-08-01
525,986,32747,2021-9-25,2021-10-20
526,55,10434,2021-5-16,2021-05-22
527,79,16864,2021-9-13,2021-10-09
528,343,56020,2021-9-16,2021-10-07
529,767,31199,2021-1-10,2021-01-19
530,467,20275,2021-1-7,2021-01-23
531,742,26445,2021-1-14,2021-02-08
532,523,11590,2021-9-8,2021-09-20
533,558,28560,2021-6-4,2021-06-09
534,49,31586,2021-9-23,2021-09-26
535,585,23905,2021-1-25,2021-02-07
536,927,21110,2021-2-5,2021-02-21
537,203,10838,2021-2-14,2021-03-13
538,754,11543,2021-1-4,2021-01-26
539,609,55906,2021-1-3,2021-01-25
540,772,37955,2021-3-21,2021-03-30
541,490,29630,2021-8-20,2021-08-22
542,282,38737,2021-2-10,2021-02-14
543,769,12692,2021-7-28,2021-08-09
544,347,14706,2021-3-5,2021-03-14
545,439,53117,2021-6-21,2021-07-02
546,664,42478,2021-4-29,2021-05-19
547,163,13784,2021-10-19,2021-10-30
548,135,19053,2021-7-17,2021-07-26
549,401,39916,2021-6-2,2021-06-09
550,26,52719,2021-8-4,2021-08-09
551,330,51823,2021-9-16,2021-09-18
552,264,14653,2021-1-10,2021-01-17
553,49,16753,2021-3-6,2021-03-14
554,842,28264,2021-5-7,2021-05-26
555,922,42350,2021-9-3,2021-09-09
556,566,40530,2021-7-30,2021-08-01
557,504,12905,2021-4-19,2021-04-24
558,729,45726,2021-3-2,2021-03-18
559,611,22094,2021-3-3,2021-03-15
560,11,41952,2021-5-28,2021-06-05
561,764,42366,2021-2-15,2021-03-13
562,632,45999,2021-9-19,2021-10-03
563,611,56965,2021-7-4,2021-07-16
564,583,16074,2021-8-23,2021-09-19
565,442,34458,2021-2-25,2021-03-15
566,614,21778,2021-7-24,2021-08-10
567,104,25661,2021-6-21,2021-06-23
568,783,49427,2021-1-9,2021-01-22
569,757,16594,2021-3-16,2021-04-06
570,81,19171,2021-3-9,2021-03-14
571,472,23645,2021-2-2,2021-02-10
572,479,34112,2021-1-1,2021-01-06
573,736,40227,2021-1-2,2021-01-09
574,434,44975,2021-6-21,2021-07-03
575,54,27420,2021-8-14,2021-08-16
576,218,12261,2021-4-26,2021-05-05
577,840,29313,2021-2-20,2021-03-12
578,926,44312,2021-5-9,2021-05-12
579,501,15623,2021-3-28,2021-04-20
580,171,26947,2021-4-30,2021-05-09
581,708,35176,2021-5-9,2021-05-29
582,783,31116,2021-9-3,2021-09-18
583,290,54787,2021-4-7,2021-04-10
584,142,37030,2021-6-29,2021-07-01
585,844,19207,2021-3-20,2021-03-23
586,998,15870,2021-2-27,2021-03-22
587,402,44323,2021-9-8,2021-09-11
588,612,13740,2021-5-26,2021-06-20
589,692,11378,2021-6-25,2021-07-20
590,898,27817,2021-7-6,2021-07-15
591,588,39095,2021-6-18,2021-07-06
592,973,15464,2021-6-29,2021-07-07
593,515,30838,2021-2-21,2021-03-11
594,711,22390,2021-6-14,2021-06-23
595,10,45626,2021-3-9,2021-03-29
596,693,51828,2021-6-13,2021-06-27
597,107,22758,2021-8-4,2021-08-16
598,638,59393,2021-6-20,2021-07-05
599,308,47972,2021-9-23,2021-10-17
600,921,19484,2021-9-15,2021-09-16
601,916,24064,2021-6-13,2021-06-28
602,987,41932,2021-2-14,2021-03-07
603,549,42922,2021-8-30,2021-09-04
604,492,21635,2021-7-20,2021-08-13
605,402,48620,2021-8-20,2021-09-06
606,692,54506,2021-1-31,2021-02-08
607,648,36692,2021-10-19,2021-11-12
608,530,31878,2021-8-13,2021-08-15
609,25,21514,2021-4-22,2021-05-08
610,735,27821,2021-8-4,2021-08-31
611,155,56937,2021-5-1,2021-05-25
612,486,31877,2021-5-10,2021-05-12
613,682,10501,2021-5-23,2021-06-07
614,732,35663,2021-4-18,2021-05-03
615,690,28680,2021-1-31,2021-02-10
616,21,28727,2021-5-13,2021-05-14
617,371,30281,2021-8-30,2021-09-07
618,882,28515,2021-8-1,2021-08-26
619,225,58688,2021-2-25,2021-03-04
620,614,41599,2021-7-19,2021-08-01
621,102,41563,2021-7-16,2021-08-07
622,587,45682,2021-5-16,2021-06-07
623,808,36530,2021-10-20,2021-10-30
624,398,20149,2021-3-19,2021-04-08
625,233,54080,2021-7-17,2021-07-28
626,348,10193,2021-9-30,2021-10-17
627,680,19664,2021-4-3,2021-04-08
628,534,20973,2021-9-8,2021-09-28
629,904,36276,2021-8-7,2021-08-20
630,644,39447,2021-1-12,2021-01-31
631,460,30101,2021-4-14,2021-05-08
632,952,44405,2021-4-11,2021-04-17
633,183,30197,2021-7-2,2021-07-13
634,327,35370,2021-10-13,2021-10-23
635,50,51943,2021-7-15,2021-08-05
636,793,23528,2021-4-2,2021-04-07
637,886,14294,2021-8-6,2021-08-18
638,548,12781,2021-10-3,2021-10-17
639,906,51950,2021-3-30,2021-04-22
640,873,11002,2021-1-23,2021-01-26
641,20,54363,2021-3-10,2021-03-22
642,835,12392,2021-1-11,2021-01-26
643,778,50321,2021-5-18,2021-05-24
644,207,52925,2021-3-13,2021-03-22
645,794,46397,2021-8-19,2021-09-13
646,369,16504,2021-5-8,2021-05-28
647,439,10912,2021-2-6,2021-02-11
648,522,43363,2021-7-16,2021-07-19
649,840,44955,2021-7-28,2021-08-16
650,739,42938,2021-1-2,2021-01-15
651,581,39199,2021-5-22,2021-05-25
652,691,30816,2021-3-9,2021-03-27
653,629,19186,2021-2-19,2021-03-18
654,417,40412,2021-8-18,2021-08-30
655,333,36298,2021-5-25,2021-06-06
656,907,19288,2021-3-22,2021-03-23
657,479,31922,2021-7-22,2021-07-28
658,201,42131,2021-5-23,2021-06-05
659,328,45445,2021-9-30,2021-10-15
660,787,48757,2021-8-16,2021-08-25
661,427,15302,2021-9-14,2021-09-17
662,924,38356,2021-9-19,2021-09-29
663,836,14469,2021-4-9,2021-04-10
664,21,11960,2021-1-7,2021-01-20
665,176,16606,2021-3-10,2021-03-26
666,456,36112,2021-8-25,2021-09-11
667,737,48958,2021-3-23,2021-03-28
668,22,40483,2021-3-15,2021-03-30
669,247,17921,2021-6-18,2021-07-02
670,1,10246,2021-3-6,2021-04-01
671,156,28194,2021-6-22,2021-07-08
672,677,59213,2021-2-12,2021-02-25
673,326,34789,2021-2-5,2021-02-19
674,300,51598,2021-1-29,2021-02-05
675,896,43080,2021-6-5,2021-06-13
676,889,52587,2021-9-24,2021-10-11
677,267,38429,2021-7-5,2021-07-08
678,711,57891,2021-4-28,2021-05-14
679,308,37006,2021-3-5,2021-03-22
680,800,43491,2021-5-4,2021-05-22
681,463,53576,2021-10-10,2021-10-19
682,454,11469,2021-2-28,2021-03-18
683,276,59748,2021-1-1,2021-01-05
684,956,36919,2021-10-12,2021-10-17
685,851,22299,2021-8-6,2021-08-21
686,799,47994,2021-6-14,2021-06-15
687,341,39406,2021-3-30,2021-04-12
688,574,55980,2021-3-8,2021-03-29
689,884,12572,2021-10-3,2021-10-28
690,941,32100,2021-10-5,2021-10-26
691,78,46697,2021-4-3,2021-04-19
692,697,13501,2021-6-18,2021-07-05
693,714,28424,2021-4-29,2021-05-16
694,634,56801,2021-4-17,2021-05-11
695,92,26374,2021-7-1,2021-07-20
696,230,50224,2021-9-1,2021-09-27
697,830,12310,2021-7-20,2021-07-28
698,821,40922,2021-5-19,2021-06-13
699,311,58950,2021-1-29,2021-02-12
700,788,55928,2021-7-1,2021-07-26
701,659,40717,2021-8-28,2021-09-10
702,310,31509,2021-6-23,2021-07-14
703,327,26168,2021-2-7,2021-02-28
704,260,45954,2021-7-21,2021-07-27
705,107,11686,2021-1-14,2021-01-25
706,844,12902,2021-7-20,2021-07-21
707,589,25153,2021-5-12,2021-05-18
708,687,56307,2021-10-24,2021-11-10
709,772,36257,2021-6-17,2021-07-13
710,134,27729,2021-2-7,2021-02-08
711,228,16935,2021-6-22,2021-07-08
712,474,11718,2021-8-18,2021-08-29
713,241,15915,2021-7-14,2021-08-09
714,50,15121,2021-2-7,2021-02-19
715,225,51678,2021-10-19,2021-11-12
716,502,32660,2021-7-31,2021-08-26
717,696,52327,2021-3-11,2021-04-05
718,665,55727,2021-5-13,2021-05-20
719,387,24377,2021-9-19,2021-09-24
720,465,33029,2021-3-12,2021-03-23
721,755,59414,2021-8-28,2021-09-04
722,401,20524,2021-10-24,2021-11-20
723,135,54098,2021-10-3,2021-10-16
724,394,14883,2021-3-4,2021-03-28
725,674,55213,2021-9-26,2021-10-05
726,447,28356,2021-9-15,2021-10-05
727,852,56021,2021-5-1,2021-05-18
728,526,10662,2021-8-29,2021-08-30
729,1,35593,2021-2-18,2021-03-01
730,88,16533,2021-6-20,2021-07-10
731,214,44433,2021-6-21,2021-07-02
732,40,40317,2021-5-9,2021-05-29
733,387,42467,2021-5-26,2021-06-22
734,623,30153,2021-1-25,2021-01-31
735,754,39820,2021-10-3,2021-10-16
736,793,26942,2021-4-10,2021-05-03
737,453,30264,2021-5-26,2021-05-30
738,144,57487,2021-7-16,2021-08-09
739,211,32122,2021-9-14,2021-09-23
740,178,58226,2021-2-5,2021-02-10
741,710,31913,2021-2-3,2021-02-17
742,750,51184,2021-10-21,2021-11-01
743,909,25854,2021-3-25,2021-03-27
744,107,23613,2021-1-25,2021-02-14
745,643,13862,2021-3-21,2021-04-01
746,445,24804,2021-6-19,2021-06-27
747,299,22099,2021-5-11,2021-05-28
748,27,49811,2021-5-16,2021-06-06
749,693,25016,2021-9-20,2021-09-24
750,758,58084,2021-2-19,2021-03-01
751,254,47650,2021-6-20,2021-07-06
752,535,46911,2021-10-8,2021-10-12
753,40,39610,2021-2-20,2021-02-28
754,778,43858,2021-6-30,2021-07-23
755,123,47937,2021-4-11,2021-05-06
756,318,23746,2021-3-19,2021-03-29
757,632,45216,2021-6-3,2021-06-15
758,781,24144,2021-3-27,2021-04-21
759,857,18160,2021-6-6,2021-07-03
760,207,14658,2021-7-9,2021-07-11
761,198,52629,2021-10-3,2021-10-25
762,83,25268,2021-8-13,2021-08-20
763,974,30436,2021-3-18,2021-04-05
764,955,46239,2021-9-16,2021-10-04
765,660,27554,2021-1-15,2021-02-01
766,929,13750,2021-8-6,2021-08-15
767,169,51648,2021-4-28,2021-04-30
768,558,34334,2021-9-29,2021-10-16
769,422,32501,2021-9-10,2021-10-04
770,868,22564,2021-2-6,2021-02-28
771,970,33204,2021-6-6,2021-06-18
772,573,32936,2021-6-7,2021-06-27
773,998,21349,2021-7-19,2021-08-07
774,416,31076,2021-6-23,2021-07-13
775,348,21561,2021-6-11,2021-07-05
776,265,44395,2021-9-2,2021-09-27
777,431,13696,2021-1-16,2021-02-09
778,42,19228,2021-1-24,2021-02-07
779,698,39836,2021-7-7,2021-07-21
780,100,37821,2021-1-27,2021-01-29
781,465,44121,2021-8-21,2021-09-11
782,872,28459,2021-3-7,2021-03-23
783,683,31824,2021-1-17,2021-01-19
784,436,45143,2021-3-14,2021-04-04
785,445,52702,2021-3-22,2021-04-02
786,472,51344,2021-5-2,2021-05-08
787,44,59055,2021-7-18,2021-07-31
788,108,18355,2021-10-8,2021-10-13
789,762,35084,2021-10-11,2021-11-03
790,187,46050,2021-5-16,2021-05-27
791,476,51003,2021-5-5,2021-05-21
792,240,13672,2021-7-16,2021-08-12
793,258,39635,2021-1-27,2021-02-03
794,418,55757,2021-4-18,2021-05-08
795,427,51672,2021-6-7,2021-06-30
796,592,18804,2021-7-31,2021-08-06
797,908,41715,2021-7-25,2021-08-06
798,825,54551,2021-3-17,2021-04-01
799,651,41626,2021-3-11,2021-04-04
800,422,20089,2021-6-21,2021-06-23
801,995,58829,2021-8-2,2021-08-17
802,501,52930,2021-10-5,2021-10-23
803,625,25565,2021-4-3,2021-04-16
804,323,18090,2021-4-10,2021-04-21
805,416,13968,2021-10-2,2021-10-03
806,684,41441,2021-8-1,2021-08-16
807,636,47092,2021-2-17,2021-03-03
808,219,50929,2021-10-13,2021-10-30
809,73,26098,2021-2-11,2021-02-25
810,768,37440,2021-3-22,2021-04-04
811,764,23731,2021-10-22,2021-10-24
812,183,51668,2021-7-9,2021-07-13
813,908,52226,2021-8-11,2021-09-01
814,664,47232,2021-3-4,2021-03-28
815,572,50066,2021-5-2,2021-05-17
816,620,32362,2021-2-2,2021-02-06
817,944,35818,2021-6-27,2021-07-05
818,865,16625,2021-3-15,2021-04-10
819,461,48601,2021-1-19,2021-01-22
820,801,33182,2021-9-25,2021-10-03
821,118,27802,2021-1-3,2021-01-10
822,524,17615,2021-9-5,2021-09-12
823,223,15928,2021-4-29,2021-05-04
824,724,51124,2021-1-4,2021-01-28
825,787,13832,2021-1-27,2021-02-22
826,375,32770,2021-8-16,2021-09-06
827,292,27202,2021-5-9,2021-06-05
828,601,32593,2021-1-9,2021-01-27
829,951,22744,2021-4-6,2021-04-28
830,956,36830,2021-3-22,2021-03-23
831,338,17700,2021-8-4,2021-08-20
832,627,52583,2021-9-6,2021-09-27
833,317,12955,2021-3-3,2021-03-20
834,139,27691,2021-2-23,2021-03-08
835,106,34923,2021-1-2,2021-01-07
836,971,16047,2021-8-18,2021-08-24
837,989,16281,2021-1-12,2021-01-27
838,946,56562,2021-1-2,2021-01-15
839,306,42095,2021-9-16,2021-09-27
840,183,50682,2021-6-30,2021-07-08
841,348,39690,2021-6-29,2021-07-12
842,310,22552,2021-1-10,2021-01-29
843,956,17717,2021-7-3,2021-07-09
844,35,34733,2021-9-26,2021-10-18
845,457,11229,2021-4-25,2021-05-22
846,515,58585,2021-9-17,2021-10-10
847,566,43999,2021-10-19,2021-11-04
848,813,18195,2021-9-24,2021-10-14
849,882,21468,2021-8-11,2021-09-01
850,254,16739,2021-4-8,2021-04-27
851,365,15504,2021-4-23,2021-05-02
852,102,42616,2021-4-11,2021-05-08
853,653,28448,2021-9-27,2021-10-18
854,680,55361,2021-8-10,2021-08-27
855,620,13177,2021-1-26,2021-02-02
856,289,35823,2021-1-13,2021-01-22
857,577,43897,2021-9-1,2021-09-10
858,987,48827,2021-3-16,2021-03-27
859,269,42679,2021-3-26,2021-04-09
860,570,18813,2021-4-9,2021-05-04
861,315,11565,2021-5-31,2021-06-20
862,984,43784,2021-10-11,2021-10-20
863,81,33163,2021-5-10,2021-05-18
864,414,48691,2021-3-29,2021-04-17
865,490,24343,2021-7-27,2021-07-30
866,88,48270,2021-4-11,2021-04-21
867,342,42248,2021-3-23,2021-04-07
868,937,43447,2021-3-31,2021-04-03
869,605,11108,2021-9-25,2021-10-20
870,647,47385,2021-8-1,2021-08-12
871,550,10888,2021-9-24,2021-10-08
872,954,43868,2021-9-26,2021-10-14
873,100,55341,2021-4-25,2021-05-07
874,557,25370,2021-3-25,2021-04-10
875,383,25336,2021-2-26,2021-02-27
876,566,52388,2021-5-20,2021-05-24
877,558,25468,2021-7-14,2021-08-02
878,470,50578,2021-3-31,2021-04-20
879,370,37561,2021-10-11,2021-10-20
880,872,43851,2021-2-19,2021-03-16
881,318,51945,2021-2-18,2021-03-10
882,821,53666,2021-7-5,2021-07-07
883,360,43729,2021-2-27,2021-03-05
884,62,54659,2021-8-16,2021-09-08
885,16,27561,2021-10-18,2021-11-13
886,898,51067,2021-9-22,2021-10-18
887,669,10969,2021-1-27,2021-02-20
888,108,38001,2021-4-20,2021-05-03
889,332,27115,2021-7-31,2021-08-11
890,649,54889,2021-6-21,2021-07-07
891,350,36118,2021-8-12,2021-08-14
892,586,21071,2021-4-9,2021-04-11
893,854,49324,2021-3-6,2021-03-14
894,1000,35622,2021-10-11,2021-10-13
895,664,56830,2021-7-26,2021-08-15
896,446,46213,2021-3-14,2021-03-31
897,278,46681,2021-8-26,2021-09-17
898,465,51868,2021-6-30,2021-07-04
899,408,32250,2021-8-4,2021-08-14
900,409,31161,2021-7-7,2021-07-24
901,305,46735,2021-5-5,2021-05-06
902,553,30330,2021-1-12,2021-01-15
903,789,21721,2021-1-5,2021-01-21
904,980,40117,2021-3-24,2021-04-07
905,439,57884,2021-1-11,2021-01-23
906,870,40632,2021-1-21,2021-02-04
907,971,26863,2021-8-15,2021-08-17
908,422,55562,2021-3-15,2021-04-08
909,465,34050,2021-7-18,2021-08-09
910,738,14581,2021-1-27,2021-02-06
911,189,58886,2021-8-23,2021-09-06
912,780,48097,2021-8-23,2021-09-09
913,597,16265,2021-4-3,2021-04-19
914,577,36771,2021-5-9,2021-05-12
915,266,49775,2021-4-17,2021-05-04
916,189,31001,2021-10-12,2021-10-19
917,750,15620,2021-1-2,2021-01-12
918,965,24379,2021-3-7,2021-04-03
919,97,53662,2021-6-29,2021-07-21
920,703,27722,2021-7-26,2021-08-16
921,418,53911,2021-2-17,2021-02-18
922,703,36995,2021-10-10,2021-11-02
923,767,28421,2021-7-5,2021-07-26
924,786,43116,2021-4-4,2021-04-18
925,272,47553,2021-7-16,2021-08-12
926,123,13634,2021-2-8,2021-02-18
927,963,24139,2021-8-2,2021-08-06
928,801,42930,2021-10-14,2021-10-19
929,397,19614,2021-1-31,2021-02-06
930,150,17581,2021-6-22,2021-06-30
931,502,12528,2021-6-4,2021-06-19
932,45,27978,2021-8-22,2021-08-23
933,595,55917,2021-4-28,2021-05-20
934,736,23252,2021-4-3,2021-04-21
935,129,16962,2021-7-1,2021-07-16
936,148,47197,2021-7-16,2021-08-01
937,72,13216,2021-6-4,2021-06-25
938,128,41631,2021-6-12,2021-06-28
939,432,24169,2021-4-2,2021-04-21
940,813,11980,2021-9-11,2021-10-04
941,662,56019,2021-9-30,2021-10-05
942,282,46279,2021-6-9,2021-06-10
943,76,26707,2021-2-22,2021-03-14
944,774,27648,2021-7-17,2021-08-09
945,54,11172,2021-7-4,2021-07-22
946,455,33414,2021-4-20,2021-05-13
947,49,47022,2021-6-24,2021-07-02
948,35,18783,2021-8-24,2021-09-02
949,244,50347,2021-2-2,2021-02-17
950,328,43066,2021-10-16,2021-10-31
951,515,28300,2021-9-30,2021-10-23
952,883,57857,2021-8-5,2021-08-25
953,733,28033,2021-4-18,2021-04-26
954,370,33703,2021-3-28,2021-04-15
955,209,30609,2021-1-20,2021-02-05
956,549,19917,2021-5-18,2021-06-07
957,740,47132,2021-8-20,2021-08-30
958,577,42170,2021-6-21,2021-07-01
959,565,10777,2021-1-17,2021-02-10
960,362,32197,2021-9-19,2021-10-07
961,717,54557,2021-3-19,2021-04-15
962,657,49485,2021-2-9,2021-02-18
963,108,18632,2021-6-18,2021-07-14
964,367,22258,2021-7-8,2021-07-16
965,69,14014,2021-7-24,2021-07-29
966,639,28100,2021-2-25,2021-03-10
967,306,32010,2021-10-11,2021-11-07
968,765,32223,2021-3-14,2021-04-03
969,639,23565,2021-5-22,2021-05-25
970,382,36941,2021-1-4,2021-01-23
971,272,40173,2021-8-26,2021-09-12
972,117,10698,2021-7-22,2021-08-08
973,232,49214,2021-9-4,2021-09-24
974,221,17928,2021-1-22,2021-02-18
975,316,28211,2021-1-18,2021-01-30
976,778,11014,2021-10-15,2021-11-04
977,463,19220,2021-4-23,2021-05-06
978,827,24589,2021-4-24,2021-05-18
979,813,31437,2021-4-7,2021-04-21
980,84,57728,2021-10-19,2021-11-14
981,830,37730,2021-10-2,2021-10-12
982,123,33286,2021-3-30,2021-04-07
983,677,49941,2021-7-12,2021-07-14
984,359,10390,2021-9-23,2021-09-30
985,581,59558,2021-2-7,2021-02-09
986,116,13431,2021-8-2,2021-08-15
987,247,30215,2021-7-13,2021-08-09
988,496,27204,2021-2-4,2021-02-16
989,595,27217,2021-1-6,2021-01-29
990,87,40306,2021-8-17,2021-09-06
991,493,17535,2021-1-9,2021-01-16
992,770,53679,2021-7-23,2021-08-14
993,268,33479,2021-3-29,2021-04-11
994,920,59074,2021-7-15,2021-07-17
995,15,43588,2021-4-14,2021-04-28
996,345,37843,2021-1-13,2021-02-02
997,346,53831,2021-1-18,2021-01-31
998,407,53308,2021-5-5,2021-05-21
999,428,31643,2021-6-15,2021-07-12
1000,896,27836,2021-4-7,2021-04-24
